<?xml version="1.0" encoding="UTF-8"?>

<!DOCTYPE tiles-definitions PUBLIC
       "-//Apache Software Foundation//DTD Tiles Configuration 3.0//EN"
       "http://tiles.apache.org/dtds/tiles-config_3_0.dtd">

<tiles-definitions>
 <definition name="baseLayout" template="/WEB-INF/views/admin/baseLayout.jsp">
   <put-attribute name="header" value="/WEB-INF/views/admin/header.jsp"></put-attribute>
   <put-attribute name="menu" value="/WEB-INF/views/admin/menu.jsp"></put-attribute>
   <put-attribute name="body" value="/WEB-INF/views/admin/body.jsp"></put-attribute>
   <put-attribute name="footer" value="/WEB-INF/views/admin/footer.jsp"></put-attribute>
 </definition>
 
 <definition name="adminBoard" extends="baseLayout">
   <put-attribute name="body" value="/WEB-INF/views/adminList.jsp"></put-attribute>
 </definition>
 <definition name="adminAdd" extends="baseLayout">
   <put-attribute name="body" value="/WEB-INF/views/addAdmin.jsp"></put-attribute>
 </definition>
 <definition name="editA" extends="baseLayout">
   <put-attribute name="body" value="/WEB-INF/views/editAdmin.jsp"></put-attribute>
 </definition>
</tiles-definitions>       