<?xml version="1.0" encoding="UTF-8"?>

<!DOCTYPE tiles-definitions PUBLIC
       "-//Apache Software Foundation//DTD Tiles Configuration 3.0//EN"
       "http://tiles.apache.org/dtds/tiles-config_3_0.dtd">

<tiles-definitions>
 <definition name="baseLayout" template="/WEB-INF/views/doctor/baseLayout.jsp">
   <put-attribute name="header" value="/WEB-INF/views/doctor/header.jsp"></put-attribute>
   <put-attribute name="menu" value="/WEB-INF/views/doctor/menu.jsp"></put-attribute>
   <put-attribute name="body" value="/WEB-INF/views/doctor/body.jsp"></put-attribute>
   <put-attribute name="footer" value="/WEB-INF/views/doctor/footer.jsp"></put-attribute>
 </definition>
 
 <definition name="drBoard" extends="baseLayout">
   <put-attribute name="body" value="/WEB-INF/views/drList.jsp"></put-attribute>
 </definition>
 <definition name="docAdd" extends="baseLayout">
   <put-attribute name="body" value="/WEB-INF/views/addDoctor.jsp"></put-attribute>
 </definition>
 <definition name="editD" extends="baseLayout">
   <put-attribute name="body" value="/WEB-INF/views/editDoctor.jsp"></put-attribute>
 </definition>
</tiles-definitions>       