<?xml version="1.0" encoding="UTF-8"?>

<!DOCTYPE tiles-definitions PUBLIC
       "-//Apache Software Foundation//DTD Tiles Configuration 3.0//EN"
       "http://tiles.apache.org/dtds/tiles-config_3_0.dtd">

<tiles-definitions>
 <definition name="baseLayout" template="/WEB-INF/views/hospital/baseLayout.jsp">
   <put-attribute name="header" value="/WEB-INF/views/hospital/header.jsp"></put-attribute>
   <put-attribute name="menu" value="/WEB-INF/views/hospital/menu.jsp"></put-attribute>
   <put-attribute name="body" value="/WEB-INF/views/hospital/body.jsp"></put-attribute>
   <put-attribute name="footer" value="/WEB-INF/views/hospital/footer.jsp"></put-attribute>
 </definition>
 
 <definition name="hospBoard" extends="baseLayout">
   <put-attribute name="body" value="/WEB-INF/views/hospList.jsp"></put-attribute>
 </definition>
 <definition name="hospAdd" extends="baseLayout">
   <put-attribute name="body" value="/WEB-INF/views/addHospital.jsp"></put-attribute>
 </definition>
 <definition name="editH" extends="baseLayout">
   <put-attribute name="body" value="/WEB-INF/views/editHospital.jsp"></put-attribute>
 </definition>
</tiles-definitions>       